Index,Barcode,Project,Instrument,Scan Date,Scanned By,Collection Date,Specimen,Experiment,Time,TSD (spectral dist),PCD (PCA dist),TCD (canonical dist)
1,STA1,Stability Study,Alpha,20161107,Raman Team,20161107,Sp1,A,0,0.11533554,0.1099654385,31.72982987
2,STA2,Stability Study,Alpha,20161107,Raman Team,20161107,Sp1,A,120,0.073428504,0.05788234768,28.16781268
3,STA3,Stability Study,Alpha,20161107,Raman Team,20161107,Sp1,A,1440,0.31198919,0.3007890378,141.5609172
4,STA4,Stability Study,Alpha,20161107,Raman Team,20161107,Sp1,A,150,0.28131685,0.2692942457,42.38499159
5,STA5,Stability Study,Alpha,20161107,Raman Team,20161107,Sp1,A,180,0.23412903,0.2272515332,35.31276981
6,STA6,Stability Study,Alpha,20161107,Raman Team,20161107,Sp1,A,240,0.22184069,0.2157510734,37.26990521
7,STA7,Stability Study,Alpha,20161107,Raman Team,20161107,Sp1,A,360,0.13170677,0.1247014283,43.19849495
8,STA8,Stability Study,Alpha,20161107,Raman Team,20161107,Sp1,A,60,0.076085888,0.07122157868,31.82448616
9,STA9,Stability Study,Alpha,20161107,Raman Team,20161107,Sp1,A,90,0.12983261,0.1253150652,32.20146759
10,STA10,Stability Study,Alpha,20161107,Raman Team,20161107,Sp1,B,120,0.072197422,0.05878386923,28.24074759
11,STA11,Stability Study,Alpha,20161107,Raman Team,20161107,Sp1,B,1440,0.077203006,0.06666883641,31.80619681
12,STA12,Stability Study,Alpha,20161107,Raman Team,20161107,Sp1,B,150,0.22585124,0.2169714458,30.71208397
13,STA13,Stability Study,Alpha,20161107,Raman Team,20161107,Sp1,B,180,0.07237491,0.06423555312,27.09433056
14,STA14,Stability Study,Alpha,20161107,Raman Team,20161107,Sp1,B,240,0.11281312,0.1042399534,24.93170234
15,STA15,Stability Study,Alpha,20161107,Raman Team,20161107,Sp1,B,30,0.071626119,0.06773895987,31.81136999
16,STA16,Stability Study,Alpha,20161107,Raman Team,20161107,Sp1,B,360,0.13449395,0.1307997094,31.81036688
17,STA17,Stability Study,Alpha,20161107,Raman Team,20161107,Sp1,B,60,0.074658595,0.06258563107,29.49819255
18,STA18,Stability Study,Alpha,20161107,Raman Team,20161107,Sp1,B,90,0.075793125,0.0702527113,30.51982556
19,STA19,Stability Study,Alpha,20161107,Raman Team,20161107,Sp1,C,W0,0.077346198,0.06060603372,30.41483788
20,STA20,Stability Study,Alpha,20161107,Raman Team,20161107,Sp1,C,W1,0.2345172,0.2309152798,52.36483641
21,STA21,Stability Study,Alpha,20161107,Raman Team,20161107,Sp1,C,W2,0.24739622,0.2424166273,50.64324638
22,STA22,Stability Study,Alpha,20161107,Raman Team,20161107,Sp1,C,W3,0.14038001,0.1305508413,49.05305411
23,STA23,Stability Study,Alpha,20161107,Raman Team,20161107,Sp1,C,W4,0.14820859,0.1429591443,74.8704425
24,STA24,Stability Study,Alpha,20161107,Raman Team,20161107,Sp1,D,W0,0.082172439,0.06630173245,32.25086275
25,STA25,Stability Study,Alpha,20161107,Raman Team,20161107,Sp1,D,W10,0.18095714,0.1541943006,88.17554895
26,STA26,Stability Study,Alpha,20161107,Raman Team,20161107,Sp1,D,W11,0.22125506,0.215591971,76.47867467
27,STA27,Stability Study,Alpha,20161107,Raman Team,20161107,Sp1,D,W12,0.17364128,0.1668558853,97.12827566
28,STA28,Stability Study,Alpha,20161107,Raman Team,20161107,Sp1,D,W1,0.23275791,0.2296265389,48.11795249
29,STA29,Stability Study,Alpha,20161107,Raman Team,20161107,Sp1,D,W2,0.13531341,0.1297711641,43.95830222
30,STA30,Stability Study,Alpha,20161107,Raman Team,20161107,Sp1,D,W3,0.13829219,0.1296339054,45.16412357
31,STA31,Stability Study,Alpha,20161107,Raman Team,20161107,Sp1,D,W4,0.12339001,0.1156274765,52.81999532
32,STA32,Stability Study,Alpha,20161107,Raman Team,20161107,Sp1,D,W5,0.15635598,0.1493797268,60.77369638
33,STA33,Stability Study,Alpha,20161107,Raman Team,20161107,Sp1,D,W6,0.17147869,0.1638074426,68.73597739
34,STA34,Stability Study,Alpha,20161107,Raman Team,20161107,Sp1,D,W7,0.2450597,0.2411556767,70.89080987
35,STA35,Stability Study,Alpha,20161107,Raman Team,20161107,Sp1,D,W8,0.20342664,0.1976708169,69.24639319
36,STA36,Stability Study,Alpha,20161107,Raman Team,20161107,Sp1,D,W9,0.22453517,0.220801354,65.44447191
37,STA37,Stability Study,Alpha,20161107,Raman Team,20161107,Sp2,A,0,0.16997632,0.1606691492,84.4158033
38,STA38,Stability Study,Alpha,20161107,Raman Team,20161107,Sp2,A,120,0.24845223,0.2373836731,68.70926496
39,STA39,Stability Study,Alpha,20161107,Raman Team,20161107,Sp2,A,1440,0.27108052,0.2601103147,99.02278684
40,STA40,Stability Study,Alpha,20161107,Raman Team,20161107,Sp2,A,150,0.18003559,0.1659191173,85.47557311
41,STA41,Stability Study,Alpha,20161107,Raman Team,20161107,Sp2,A,180,0.17494151,0.1613327244,85.34838668
42,STA42,Stability Study,Alpha,20161107,Raman Team,20161107,Sp2,A,240,0.23675697,0.2251782693,73.4179795
43,STA43,Stability Study,Alpha,20161107,Raman Team,20161107,Sp2,A,360,0.2550447,0.2487517855,79.72389911
44,STA44,Stability Study,Alpha,20161107,Raman Team,20161107,Sp2,A,60,0.15902486,0.1494549569,96.03829554
45,STA45,Stability Study,Alpha,20161107,Raman Team,20161107,Sp2,A,90,0.24291012,0.2318839078,69.64919724
46,STA46,Stability Study,Alpha,20161107,Raman Team,20161107,Sp2,B,120,0.17471981,0.1552897994,69.44087134
47,STA47,Stability Study,Alpha,20161107,Raman Team,20161107,Sp2,B,1440,0.31195837,0.2923419816,62.57034509
48,STA48,Stability Study,Alpha,20161107,Raman Team,20161107,Sp2,B,150,0.14455605,0.1299958643,70.85317312
49,STA49,Stability Study,Alpha,20161107,Raman Team,20161107,Sp2,B,180,0.20710023,0.1983325805,73.92994947
50,STA50,Stability Study,Alpha,20161107,Raman Team,20161107,Sp2,B,240,0.29868317,0.2826025284,64.36828197
51,STA51,Stability Study,Alpha,20161107,Raman Team,20161107,Sp2,B,30,0.23007868,0.2120331819,85.17227822
52,STA52,Stability Study,Alpha,20161107,Raman Team,20161107,Sp2,B,360,0.29304558,0.2689496413,75.58872506
53,STA53,Stability Study,Alpha,20161107,Raman Team,20161107,Sp2,B,60,0.18172309,0.1705220488,83.17501884
54,STA54,Stability Study,Alpha,20161107,Raman Team,20161107,Sp2,B,90,0.16899687,0.1527655423,79.62168047
55,STA55,Stability Study,Alpha,20161107,Raman Team,20161107,Sp2,C,W0,0.17792675,0.1633715581,72.83289428
56,STA56,Stability Study,Alpha,20161107,Raman Team,20161107,Sp2,C,W1,0.35792148,0.3411607501,87.3422064
57,STA57,Stability Study,Alpha,20161107,Raman Team,20161107,Sp2,C,W2,0.26934132,0.2652666298,91.92562202
58,STA58,Stability Study,Alpha,20161107,Raman Team,20161107,Sp2,C,W3,0.20419759,0.1964112963,98.29811436
59,STA59,Stability Study,Alpha,20161107,Raman Team,20161107,Sp2,C,W4,0.32683173,0.3073622362,120.1129365
60,STA60,Stability Study,Alpha,20161107,Raman Team,20161107,Sp2,D,W0,0.18251555,0.1725508028,67.5657442
61,STA61,Stability Study,Alpha,20161107,Raman Team,20161107,Sp2,D,W10,0.3110992,0.3072737088,131.1636046
62,STA62,Stability Study,Alpha,20161107,Raman Team,20161107,Sp2,D,W11,0.30010638,0.2943201757,131.1423801
63,STA63,Stability Study,Alpha,20161107,Raman Team,20161107,Sp2,D,W12,0.28324103,0.2581583362,122.9870328
64,STA64,Stability Study,Alpha,20161107,Raman Team,20161107,Sp2,D,W1,0.31942704,0.3129919428,89.47016409
65,STA65,Stability Study,Alpha,20161107,Raman Team,20161107,Sp2,D,W2,0.29084939,0.2874508745,92.02765866
66,STA66,Stability Study,Alpha,20161107,Raman Team,20161107,Sp2,D,W4,0.23055582,0.2240579133,112.0193135
67,STA67,Stability Study,Alpha,20161107,Raman Team,20161107,Sp2,D,W5,0.34823281,0.3327696075,103.2788994
68,STA68,Stability Study,Alpha,20161107,Raman Team,20161107,Sp2,D,W6,0.34131449,0.323404847,127.1240003
69,STA69,Stability Study,Alpha,20161107,Raman Team,20161107,Sp2,D,W7,0.22537245,0.2169066592,114.9083443
70,STA70,Stability Study,Alpha,20161107,Raman Team,20161107,Sp2,D,W8,0.33189088,0.2980620411,132.3519844
71,STA71,Stability Study,Alpha,20161107,Raman Team,20161107,Sp3,A,0,0.10019319,0.09681053196,58.3063082
72,STA72,Stability Study,Alpha,20161107,Raman Team,20161107,Sp3,A,120,0.10213087,0.09743728092,56.12612248
73,STA73,Stability Study,Alpha,20161107,Raman Team,20161107,Sp3,A,1440,0.30907238,0.2831125729,63.87952269
74,STA74,Stability Study,Alpha,20161107,Raman Team,20161107,Sp3,A,150,0.1020636,0.09687336015,57.22699835
75,STA75,Stability Study,Alpha,20161107,Raman Team,20161107,Sp3,A,180,0.10010651,0.09553147227,56.54600908
76,STA76,Stability Study,Alpha,20161107,Raman Team,20161107,Sp3,A,240,0.10323966,0.09801884222,56.1695287
77,STA77,Stability Study,Alpha,20161107,Raman Team,20161107,Sp3,A,360,0.10343546,0.0994615594,58.74548528
78,STA78,Stability Study,Alpha,20161107,Raman Team,20161107,Sp3,A,60,0.10514794,0.1009733667,56.31026484
79,STA79,Stability Study,Alpha,20161107,Raman Team,20161107,Sp3,A,90,0.10753927,0.1026132696,56.90691936
80,STA80,Stability Study,Alpha,20161107,Raman Team,20161107,Sp3,B,120,0.10058808,0.09674185813,60.85642013
81,STA81,Stability Study,Alpha,20161107,Raman Team,20161107,Sp3,B,1440,0.11332199,0.1081887554,51.35291603
82,STA82,Stability Study,Alpha,20161107,Raman Team,20161107,Sp3,B,150,0.10139035,0.09699368646,61.5987322
83,STA83,Stability Study,Alpha,20161107,Raman Team,20161107,Sp3,B,180,0.10431153,0.09976379201,56.44507514
84,STA84,Stability Study,Alpha,20161107,Raman Team,20161107,Sp3,B,240,0.095708333,0.09062865036,65.75958082
85,STA85,Stability Study,Alpha,20161107,Raman Team,20161107,Sp3,B,30,0.10778715,0.1048226492,60.76418871
86,STA86,Stability Study,Alpha,20161107,Raman Team,20161107,Sp3,B,360,0.10656234,0.1022981533,54.47074882
87,STA87,Stability Study,Alpha,20161107,Raman Team,20161107,Sp3,B,60,0.10566855,0.1013810654,58.87083581
88,STA88,Stability Study,Alpha,20161107,Raman Team,20161107,Sp3,B,90,0.19681695,0.1884638104,42.45178802
89,STA89,Stability Study,Alpha,20161107,Raman Team,20161107,Sp3,C,W0,0.12370755,0.1169660797,52.11218549
90,STA90,Stability Study,Alpha,20161107,Raman Team,20161107,Sp3,C,W1,0.10762419,0.1030886783,69.14452265
91,STA91,Stability Study,Alpha,20161107,Raman Team,20161107,Sp3,C,W2,0.096421897,0.09270590928,65.78104617
92,STA92,Stability Study,Alpha,20161107,Raman Team,20161107,Sp3,C,W3,0.10871729,0.1043977878,69.58992982
93,STA93,Stability Study,Alpha,20161107,Raman Team,20161107,Sp3,C,W4,0.10961369,0.1056561277,63.95163235
94,STA94,Stability Study,Alpha,20161107,Raman Team,20161107,Sp3,D,W0,0.10472445,0.09973348246,58.23219929
95,STA95,Stability Study,Alpha,20161107,Raman Team,20161107,Sp3,D,W10,0.1031084,0.1000592839,64.39021486
96,STA96,Stability Study,Alpha,20161107,Raman Team,20161107,Sp3,D,W11,0.11167903,0.1048539064,66.17596935
97,STA97,Stability Study,Alpha,20161107,Raman Team,20161107,Sp3,D,W12,0.12347176,0.1171478599,55.8887543
98,STA98,Stability Study,Alpha,20161107,Raman Team,20161107,Sp3,D,W1,0.10671936,0.1031355614,69.37156993
99,STA99,Stability Study,Alpha,20161107,Raman Team,20161107,Sp3,D,W2,0.10254557,0.09839342261,62.12423326
100,STA100,Stability Study,Alpha,20161107,Raman Team,20161107,Sp3,D,W3,0.11314663,0.1069087864,60.2253684
101,STA101,Stability Study,Alpha,20161107,Raman Team,20161107,Sp3,D,W4,0.10654486,0.1019323275,64.46431108
102,STA102,Stability Study,Alpha,20161107,Raman Team,20161107,Sp3,D,W5,0.11240181,0.1087111934,59.05653425
103,STA103,Stability Study,Alpha,20161107,Raman Team,20161107,Sp3,D,W6,0.11264765,0.1092290602,59.90415481
104,STA104,Stability Study,Alpha,20161107,Raman Team,20161107,Sp3,D,W7,0.17330477,0.1647986374,42.41264328
105,STA105,Stability Study,Alpha,20161107,Raman Team,20161107,Sp3,D,W8,0.10423838,0.1000783404,58.71677937
106,STA106,Stability Study,Alpha,20161107,Raman Team,20161107,Sp3,D,W9,0.10948034,0.1062714312,61.54114288
107,STA107,Stability Study,Alpha,20161107,Raman Team,20161107,Sp4,A,0,0.28545883,0.2816405441,107.1701057
108,STA108,Stability Study,Alpha,20161107,Raman Team,20161107,Sp4,A,120,0.24541405,0.242701562,132.6950464
109,STA109,Stability Study,Alpha,20161107,Raman Team,20161107,Sp4,A,1440,0.32103196,0.3145066794,99.81640142
110,STA110,Stability Study,Alpha,20161107,Raman Team,20161107,Sp4,A,150,0.25057015,0.2467160595,131.0309011
111,STA111,Stability Study,Alpha,20161107,Raman Team,20161107,Sp4,A,180,0.24782673,0.2435556876,143.7454568
112,STA112,Stability Study,Alpha,20161107,Raman Team,20161107,Sp4,A,240,0.25121179,0.2479758369,134.1522947
113,STA113,Stability Study,Alpha,20161107,Raman Team,20161107,Sp4,A,360,0.26275083,0.2601383086,128.9565929
114,STA114,Stability Study,Alpha,20161107,Raman Team,20161107,Sp4,A,60,0.27889654,0.2756131958,107.7467856
115,STA115,Stability Study,Alpha,20161107,Raman Team,20161107,Sp4,A,90,0.26187903,0.2577798241,135.6791009
116,STA116,Stability Study,Alpha,20161107,Raman Team,20161107,Sp4,B,120,0.24648432,0.2410709982,143.1634668
117,STA117,Stability Study,Alpha,20161107,Raman Team,20161107,Sp4,B,1440,0.26806468,0.2650495633,122.3878826
118,STA118,Stability Study,Alpha,20161107,Raman Team,20161107,Sp4,B,150,0.24704102,0.2415823943,144.3958904
119,STA119,Stability Study,Alpha,20161107,Raman Team,20161107,Sp4,B,180,0.25088161,0.2480659762,136.796511
120,STA120,Stability Study,Alpha,20161107,Raman Team,20161107,Sp4,B,240,0.26750329,0.2640494527,124.4709824
121,STA121,Stability Study,Alpha,20161107,Raman Team,20161107,Sp4,B,30,0.26970565,0.2666516559,125.4556959
122,STA122,Stability Study,Alpha,20161107,Raman Team,20161107,Sp4,B,360,0.2660895,0.2633743748,117.7010138
123,STA123,Stability Study,Alpha,20161107,Raman Team,20161107,Sp4,B,60,0.27237228,0.2698072806,115.7771227
124,STA124,Stability Study,Alpha,20161107,Raman Team,20161107,Sp4,B,90,0.27381578,0.2698468635,121.7317508
125,STA125,Stability Study,Alpha,20161107,Raman Team,20161107,Sp4,C,W0,0.26493186,0.2618486646,131.6447822
126,STA126,Stability Study,Alpha,20161107,Raman Team,20161107,Sp4,C,W1,0.25807363,0.2537331365,134.756099
127,STA127,Stability Study,Alpha,20161107,Raman Team,20161107,Sp4,C,W2,0.27704707,0.2742252871,138.3302731
128,STA128,Stability Study,Alpha,20161107,Raman Team,20161107,Sp4,C,W3,0.2836962,0.2809589009,147.4227931
129,STA129,Stability Study,Alpha,20161107,Raman Team,20161107,Sp4,C,W4,0.28466651,0.2827294418,143.2175627
130,STA130,Stability Study,Alpha,20161107,Raman Team,20161107,Sp4,D,W0,0.24828796,0.2447260864,129.7226851
131,STA131,Stability Study,Alpha,20161107,Raman Team,20161107,Sp4,D,W10,0.28082567,0.2787495957,137.524508
132,STA132,Stability Study,Alpha,20161107,Raman Team,20161107,Sp4,D,W11,0.28953949,0.2867964549,155.0951766
133,STA133,Stability Study,Alpha,20161107,Raman Team,20161107,Sp4,D,W12,0.28531927,0.283516363,157.8703587
134,STA134,Stability Study,Alpha,20161107,Raman Team,20161107,Sp4,D,W1,0.25329623,0.2499367355,120.4197245
135,STA135,Stability Study,Alpha,20161107,Raman Team,20161107,Sp4,D,W2,0.26357424,0.260428119,132.5792905
136,STA136,Stability Study,Alpha,20161107,Raman Team,20161107,Sp4,D,W3,0.31506178,0.3085663456,107.6594525
137,STA137,Stability Study,Alpha,20161107,Raman Team,20161107,Sp4,D,W4,0.28871521,0.2858731508,122.4671863
138,STA138,Stability Study,Alpha,20161107,Raman Team,20161107,Sp4,D,W5,0.32256716,0.3128458651,125.4735039
139,STA139,Stability Study,Alpha,20161107,Raman Team,20161107,Sp4,D,W6,0.32436186,0.3183444206,116.4499983
140,STA140,Stability Study,Alpha,20161107,Raman Team,20161107,Sp4,D,W7,0.27291596,0.2716349814,147.5137532
141,STA141,Stability Study,Alpha,20161107,Raman Team,20161107,Sp4,D,W8,0.27810317,0.2766006851,145.5555996
142,STA142,Stability Study,Alpha,20161107,Raman Team,20161107,Sp4,D,W9,0.28551298,0.2806997871,159.0767952
143,STA143,Stability Study,Alpha,20161107,Raman Team,20161107,Sp5,A,0,0.22499268,0.2220940928,100.120147
144,STA144,Stability Study,Alpha,20161107,Raman Team,20161107,Sp5,A,120,0.241749,0.2367275329,99.06592917
145,STA145,Stability Study,Alpha,20161107,Raman Team,20161107,Sp5,A,1440,0.22633287,0.2248447881,113.0244076
146,STA146,Stability Study,Alpha,20161107,Raman Team,20161107,Sp5,A,150,0.22246034,0.2196380858,106.6894247
147,STA147,Stability Study,Alpha,20161107,Raman Team,20161107,Sp5,A,180,0.21847509,0.2144019394,116.912923
148,STA148,Stability Study,Alpha,20161107,Raman Team,20161107,Sp5,A,240,0.21753174,0.2142582711,115.4833567
149,STA149,Stability Study,Alpha,20161107,Raman Team,20161107,Sp5,A,360,0.21923643,0.2175076559,114.9627729
150,STA150,Stability Study,Alpha,20161107,Raman Team,20161107,Sp5,A,60,0.22366092,0.2196690344,103.2132519
151,STA151,Stability Study,Alpha,20161107,Raman Team,20161107,Sp5,A,90,0.22332563,0.2200491229,108.7864512
152,STA152,Stability Study,Alpha,20161107,Raman Team,20161107,Sp5,B,120,0.22315238,0.2203278364,102.1689383
153,STA153,Stability Study,Alpha,20161107,Raman Team,20161107,Sp5,B,1440,0.24392979,0.2420143967,95.32435458
154,STA154,Stability Study,Alpha,20161107,Raman Team,20161107,Sp5,B,150,0.22391321,0.2209625138,106.7013246
155,STA155,Stability Study,Alpha,20161107,Raman Team,20161107,Sp5,B,180,0.219116,0.2148393856,111.6898414
156,STA156,Stability Study,Alpha,20161107,Raman Team,20161107,Sp5,B,240,0.22731954,0.2248805228,97.34338105
157,STA157,Stability Study,Alpha,20161107,Raman Team,20161107,Sp5,B,30,0.21457057,0.2125793365,109.0050474
158,STA158,Stability Study,Alpha,20161107,Raman Team,20161107,Sp5,B,360,0.23213096,0.2302490677,92.10691972
159,STA159,Stability Study,Alpha,20161107,Raman Team,20161107,Sp5,B,60,0.22177698,0.2194439564,109.4149053
160,STA160,Stability Study,Alpha,20161107,Raman Team,20161107,Sp5,B,90,0.21902151,0.2167592839,112.2717689
161,STA161,Stability Study,Alpha,20161107,Raman Team,20161107,Sp5,C,W0,0.23082069,0.2274379585,105.2532336
162,STA162,Stability Study,Alpha,20161107,Raman Team,20161107,Sp5,C,W1,0.22477332,0.2232143355,120.6681542
163,STA163,Stability Study,Alpha,20161107,Raman Team,20161107,Sp5,C,W2,0.23471051,0.2309675345,113.0956843
164,STA164,Stability Study,Alpha,20161107,Raman Team,20161107,Sp5,C,W3,0.25123903,0.2485592319,120.2776169
165,STA165,Stability Study,Alpha,20161107,Raman Team,20161107,Sp5,C,W4,0.24122553,0.2397405649,115.7098007
166,STA166,Stability Study,Alpha,20161107,Raman Team,20161107,Sp5,D,W0,0.21779275,0.2131595263,115.3487873
167,STA167,Stability Study,Alpha,20161107,Raman Team,20161107,Sp5,D,W10,0.23274902,0.2287422582,116.6165272
168,STA168,Stability Study,Alpha,20161107,Raman Team,20161107,Sp5,D,W11,0.23417534,0.232293797,118.3268353
169,STA169,Stability Study,Alpha,20161107,Raman Team,20161107,Sp5,D,W12,0.22900486,0.2235177492,128.6117599
170,STA170,Stability Study,Alpha,20161107,Raman Team,20161107,Sp5,D,W1,0.2172112,0.2153821222,116.1523387
171,STA171,Stability Study,Alpha,20161107,Raman Team,20161107,Sp5,D,W2,0.22510132,0.2216126698,113.8980449
172,STA172,Stability Study,Alpha,20161107,Raman Team,20161107,Sp5,D,W3,0.22719982,0.224213577,108.4074967
173,STA173,Stability Study,Alpha,20161107,Raman Team,20161107,Sp5,D,W4,0.22042684,0.2185185307,110.3986042
174,STA174,Stability Study,Alpha,20161107,Raman Team,20161107,Sp5,D,W5,0.25682575,0.2519854008,100.1944253
175,STA175,Stability Study,Alpha,20161107,Raman Team,20161107,Sp5,D,W6,0.23057288,0.228564485,111.596337
176,STA176,Stability Study,Alpha,20161107,Raman Team,20161107,Sp5,D,W7,0.22456282,0.2229247568,119.6430538
177,STA177,Stability Study,Alpha,20161107,Raman Team,20161107,Sp5,D,W8,0.21350999,0.2106645674,129.6839849
178,STA178,Stability Study,Alpha,20161107,Raman Team,20161107,Sp5,D,W9,0.224307,0.2227777487,121.9235246
179,STA179,Stability Study,Alpha,20161107,Raman Team,20161107,Sp6,A,0,0.05042937,0.04706368446,31.64484993
180,STA180,Stability Study,Alpha,20161107,Raman Team,20161107,Sp6,A,120,0.048021048,0.0427178539,25.7524332
181,STA181,Stability Study,Alpha,20161107,Raman Team,20161107,Sp6,A,1440,0.06470865,0.05781670477,27.85125583
182,STA182,Stability Study,Alpha,20161107,Raman Team,20161107,Sp6,A,150,0.047082409,0.04158968897,26.45538136
183,STA183,Stability Study,Alpha,20161107,Raman Team,20161107,Sp6,A,180,0.044531852,0.03927381506,26.9394675
184,STA184,Stability Study,Alpha,20161107,Raman Team,20161107,Sp6,A,240,0.047192328,0.04200928949,24.78626072
185,STA185,Stability Study,Alpha,20161107,Raman Team,20161107,Sp6,A,360,0.040550187,0.03579528942,25.69469469
186,STA186,Stability Study,Alpha,20161107,Raman Team,20161107,Sp6,A,60,0.052048158,0.04569520944,24.16120717
187,STA187,Stability Study,Alpha,20161107,Raman Team,20161107,Sp6,A,90,0.047248926,0.04213545803,27.70956491
188,STA188,Stability Study,Alpha,20161107,Raman Team,20161107,Sp6,B,120,0.050027061,0.04596974818,30.01430386
189,STA189,Stability Study,Alpha,20161107,Raman Team,20161107,Sp6,B,1440,0.057434618,0.05057600585,23.74762941
190,STA190,Stability Study,Alpha,20161107,Raman Team,20161107,Sp6,B,150,0.046548307,0.04124175634,24.63064696
191,STA191,Stability Study,Alpha,20161107,Raman Team,20161107,Sp6,B,180,0.05709289,0.05025602814,20.49044781
192,STA192,Stability Study,Alpha,20161107,Raman Team,20161107,Sp6,B,240,0.046992969,0.04385237398,26.36830919
193,STA193,Stability Study,Alpha,20161107,Raman Team,20161107,Sp6,B,30,0.063115641,0.05956923493,35.7955977
194,STA194,Stability Study,Alpha,20161107,Raman Team,20161107,Sp6,B,360,0.042957082,0.03900909905,25.02231672
195,STA195,Stability Study,Alpha,20161107,Raman Team,20161107,Sp6,B,60,0.062189721,0.05747194269,33.79954752
196,STA196,Stability Study,Alpha,20161107,Raman Team,20161107,Sp6,B,90,0.054408576,0.04987484145,29.30640036
197,STA197,Stability Study,Alpha,20161107,Raman Team,20161107,Sp6,C,W0,0.057223495,0.05190207523,33.12951037
198,STA198,Stability Study,Alpha,20161107,Raman Team,20161107,Sp6,C,W1,0.045484409,0.03957556,32.89347095
199,STA199,Stability Study,Alpha,20161107,Raman Team,20161107,Sp6,C,W2,0.045633633,0.04209230984,28.29505804
200,STA200,Stability Study,Alpha,20161107,Raman Team,20161107,Sp6,C,W3,0.056470182,0.04990377784,27.63944123
201,STA201,Stability Study,Alpha,20161107,Raman Team,20161107,Sp6,C,W4,0.060478069,0.05597326557,31.23794994
202,STA202,Stability Study,Alpha,20161107,Raman Team,20161107,Sp6,D,W0,0.056044683,0.05107900244,33.51700073
203,STA203,Stability Study,Alpha,20161107,Raman Team,20161107,Sp6,D,W10,0.076997109,0.0698109474,37.7454132
204,STA204,Stability Study,Alpha,20161107,Raman Team,20161107,Sp6,D,W11,0.18593779,0.1807736258,47.11644899
205,STA205,Stability Study,Alpha,20161107,Raman Team,20161107,Sp6,D,W12,0.15711752,0.1460455583,39.97776717
206,STA206,Stability Study,Alpha,20161107,Raman Team,20161107,Sp6,D,W1,0.048682291,0.04451327446,33.31612138
207,STA207,Stability Study,Alpha,20161107,Raman Team,20161107,Sp6,D,W2,0.057883807,0.05433226136,29.54412113
208,STA208,Stability Study,Alpha,20161107,Raman Team,20161107,Sp6,D,W3,0.052272324,0.04831267448,29.62059965
209,STA209,Stability Study,Alpha,20161107,Raman Team,20161107,Sp6,D,W4,0.051401414,0.04818048475,28.87062994
210,STA210,Stability Study,Alpha,20161107,Raman Team,20161107,Sp6,D,W5,0.066777736,0.06265589918,37.11218594
211,STA211,Stability Study,Alpha,20161107,Raman Team,20161107,Sp6,D,W6,0.06445884,0.05833799014,35.55064764
212,STA212,Stability Study,Alpha,20161107,Raman Team,20161107,Sp6,D,W7,0.19001751,0.1865548194,41.72676073
213,STA213,Stability Study,Alpha,20161107,Raman Team,20161107,Sp6,D,W8,0.077990696,0.07285626323,46.33797242
214,STA214,Stability Study,Alpha,20161107,Raman Team,20161107,Sp6,D,W9,0.079887256,0.07249269699,39.03394427
215,STA215,Stability Study,Alpha,20161107,Raman Team,20161107,Surine,A,0,0.0018917281,0.001571341137,0.123383913
216,STA216,Stability Study,Alpha,20161107,Raman Team,20161107,Surine,A,120,0.0048089884,0.002219128363,0.388269825
217,STA217,Stability Study,Alpha,20161107,Raman Team,20161107,Surine,A,1440,0.0018935098,0.001238320834,0.2241503354
218,STA218,Stability Study,Alpha,20161107,Raman Team,20161107,Surine,A,150,0.003651228,0.0008816183753,0.152244364
219,STA219,Stability Study,Alpha,20161107,Raman Team,20161107,Surine,A,180,0.0047214977,0.00215706738,0.3292236815
220,STA220,Stability Study,Alpha,20161107,Raman Team,20161107,Surine,A,240,0.0050608134,0.001845298755,0.3349820418
221,STA221,Stability Study,Alpha,20161107,Raman Team,20161107,Surine,A,360,0.0063262661,0.004139836312,0.7912253468
222,STA222,Stability Study,Alpha,20161107,Raman Team,20161107,Surine,A,60,0.0019687982,0.0004437921812,0.04984424919
223,STA223,Stability Study,Alpha,20161107,Raman Team,20161107,Surine,A,90,0.0030502819,0.0007324006572,0.2456570946
224,STA224,Stability Study,Alpha,20161107,Raman Team,20161107,Surine,B,120,0.0028060928,0.00144141263,0.1656063438
225,STA225,Stability Study,Alpha,20161107,Raman Team,20161107,Surine,B,1440,0.0052955211,0.002065822419,0.8688162749
226,STA226,Stability Study,Alpha,20161107,Raman Team,20161107,Surine,B,150,0.0044020894,0.002758669955,0.5162497158
227,STA227,Stability Study,Alpha,20161107,Raman Team,20161107,Surine,B,180,0.0046904222,0.001949230821,0.4300406098
228,STA228,Stability Study,Alpha,20161107,Raman Team,20161107,Surine,B,240,0.003150844,0.001583218781,0.2019109385
229,STA229,Stability Study,Alpha,20161107,Raman Team,20161107,Surine,B,30,0.0055435044,0.004088769384,0.7881684024
230,STA230,Stability Study,Alpha,20161107,Raman Team,20161107,Surine,B,360,0.0047004544,0.002252385759,0.5574269788
231,STA231,Stability Study,Alpha,20161107,Raman Team,20161107,Surine,B,60,0.0042301202,0.003186911005,0.4294131107
232,STA232,Stability Study,Alpha,20161107,Raman Team,20161107,Surine,B,90,0.002237235,0.0009406278091,0.2481599684
233,STA233,Stability Study,Alpha,20161107,Raman Team,20161107,Surine,C,W0,0.0028539253,0.0003632552859,0.03346195009
234,STA234,Stability Study,Alpha,20161107,Raman Team,20161107,Surine,C,W1,0.003643939,0.002461097726,0.3952013512
235,STA235,Stability Study,Alpha,20161107,Raman Team,20161107,Surine,C,W2,0.0014086274,0.0002310760801,0.06472360487
236,STA236,Stability Study,Alpha,20161107,Raman Team,20161107,Surine,C,W3,0.0050856788,0.001832978591,0.3766315782
237,STA237,Stability Study,Alpha,20161107,Raman Team,20161107,Surine,C,W4,4.55E-05,3.14E-06,0.003028744879
238,STA238,Stability Study,Alpha,20170116,Raman Team,20161107,Surine,Control,Control,0,0,0
239,STA239,Stability Study,Alpha,20161107,Raman Team,20161107,Surine,D,W0,0.0027096551,0.0001295351023,0.0302995588
240,STA240,Stability Study,Alpha,20161107,Raman Team,20161107,Surine,D,W10,0.0022466106,0.001254081093,0.3832719309
241,STA241,Stability Study,Alpha,20161107,Raman Team,20161107,Surine,D,W11,0.0041262326,0.002973958851,0.6267277903
242,STA242,Stability Study,Alpha,20161111,Raman Team,20161107,Surine,D,W12,0.0055732848,0.004015276193,1.124723452
243,STA243,Stability Study,Alpha,20161107,Raman Team,20161107,Surine,D,W1,0.0017727951,0.0004145717521,0.130170367
244,STA244,Stability Study,Alpha,20161107,Raman Team,20161107,Surine,D,W2,0.0033271136,0.001005414652,0.217793384
245,STA245,Stability Study,Alpha,20161107,Raman Team,20161107,Surine,D,W3,0.0034893278,0.000479622102,0.09410781604
246,STA246,Stability Study,Alpha,20161107,Raman Team,20161107,Surine,D,W4,0.0042593451,0.002771939273,0.7215069441
247,STA247,Stability Study,Alpha,20161107,Raman Team,20161107,Surine,D,W5,0.0040676803,0.002147297652,0.2560556185
248,STA248,Stability Study,Alpha,20161107,Raman Team,20161107,Surine,D,W6,0.0027682502,0.0006480952111,0.234236115
249,STA249,Stability Study,Alpha,20161107,Raman Team,20161107,Surine,D,W7,0.0017292586,0.0008527497235,0.1819508025
250,STA250,Stability Study,Alpha,20161107,Raman Team,20161107,Surine,D,W8,0.0010196564,0.0001090295897,0.1202662437
251,STA251,Stability Study,Alpha,20161107,Raman Team,20161107,Surine,D,W9,0.0017282227,0.0009547264794,0.2358534941