Index,Barcode,Project,Instrument,Scan Date,Scanned By,Collection Date,Replicate Scans,ID,Male/Female,Birth Year,Birth Month,Fluid,30-Day Study
1,HHS1,Healthy Human Subjects,Alpha,20170416,Stephanie Lundgren,20170108,10,ABS,M,1996,10,Urine,No
2,HHS2,Healthy Human Subjects,Alpha,20170416,Stephanie Lundgren,20170108,10,ACC,F,1995,6,Urine,No
3,HHS3,Healthy Human Subjects,Alpha,20170416,Stephanie Lundgren,20170108,10,AFN,F,1996,10,Urine,No
4,HHS4,Healthy Human Subjects,Alpha,20170416,Stephanie Lundgren,20170108,10,AGG,M,2016,11,Urine,No
5,HHS5,Healthy Human Subjects,Alpha,20170416,Stephanie Lundgren,20170108,10,AMG,M,1994,10,Urine,No
6,HHS6,Healthy Human Subjects,Alpha,20170416,Stephanie Lundgren,20170108,10,ASI,M,1984,7,Urine,No
7,HHS7,Healthy Human Subjects,Alpha,20170416,Stephanie Lundgren,20170108,10,BES,F,1996,10,Urine,No
8,HHS8,Healthy Human Subjects,Alpha,20170416,Stephanie Lundgren,20170108,10,BMH,F,1995,9,Urine,No
9,HHS9,Healthy Human Subjects,Alpha,20170416,Stephanie Lundgren,20170108,10,CCG,F,1996,2,Urine,No
10,HHS10,Healthy Human Subjects,Alpha,20170416,Stephanie Lundgren,20170108,10,CTM,F,1995,2,Urine,No
11,HHS11,Healthy Human Subjects,Alpha,20170416,Stephanie Lundgren,20170108,10,DLT,M,1989,10,Urine,No
12,HHS12,Healthy Human Subjects,Alpha,20170416,Stephanie Lundgren,20170108,10,EBG,F,1994,8,Urine,No
13,HHS13,Healthy Human Subjects,Alpha,20170416,Stephanie Lundgren,20170108,10,HBE,F,1995,4,Urine,No
14,HHS14,Healthy Human Subjects,Alpha,20170416,Stephanie Lundgren,20170108,10,JR,M,1947,11,Urine,No
15,HHS15,Healthy Human Subjects,Alpha,20170416,Stephanie Lundgren,20170108,10,KW,F,1992,1,Urine,No
16,HHS16,Healthy Human Subjects,Alpha,20170416,Stephanie Lundgren,20170108,10,LEM,F,1997,5,Urine,No
17,HHS17,Healthy Human Subjects,Alpha,20170416,Stephanie Lundgren,20170108,10,MAC,F,1994,10,Urine,No
18,HHS18,Healthy Human Subjects,Alpha,20170416,Stephanie Lundgren,20170108,10,MJE,F,1995,9,Urine,No
19,HHS19,Healthy Human Subjects,Alpha,20170416,Stephanie Lundgren,20170108,10,MLH,F,1997,8,Urine,No
20,HHS20,Healthy Human Subjects,Alpha,20170416,Stephanie Lundgren,20170108,10,NCD,M,1997,9,Urine,No
21,HHS21,Healthy Human Subjects,Alpha,20170416,Stephanie Lundgren,20170108,10,NKS,F,1995,5,Urine,No
22,HHS22,Healthy Human Subjects,Alpha,20170416,Stephanie Lundgren,20170108,10,RBA,F,1997,4,Urine,No
23,HHS23,Healthy Human Subjects,Alpha,20170416,Stephanie Lundgren,20170108,10,RSS,M,1976,12,Urine,No
24,HHS24,Healthy Human Subjects,Alpha,20170416,Stephanie Lundgren,20170108,10,SNL,F,1995,4,Urine,No
25,HHS25,Healthy Human Subjects,Alpha,20170416,Stephanie Lundgren,20170108,10,TGS,M,1995,3,Urine,No
88,HHS88,Healthy Human Subjects,Alpha,20180607,Tommy Vu,20180422,10,AAW,F,1995,11,Urine,No
89,HHS89,Healthy Human Subjects,Alpha,20180609,Tommy Vu,20180422,10,AM,F,1997,11,Urine,No
90,HHS90,Healthy Human Subjects,Alpha,20180607,Tommy Vu,20180422,10,APC,F,1996,1,Urine,No
91,HHS91,Healthy Human Subjects,Alpha,20180607,Tommy Vu,20180422,10,ARM,F,1998,3,Urine,No
92,HHS92,Healthy Human Subjects,Alpha,20180607,Tommy Vu,20180422,10,BES,F,1996,10,Urine,No
93,HHS93,Healthy Human Subjects,Alpha,20180609,Tommy Vu,20180422,10,CEE,F,1998,4,Urine,No
94,HHS94,Healthy Human Subjects,Alpha,20180607,Tommy Vu,20180422,10,CEW,F,1997,10,Urine,No
95,HHS95,Healthy Human Subjects,Alpha,20180607,Tommy Vu,20180422,10,ECH,F,1996,12,Urine,No
96,HHS96,Healthy Human Subjects,Alpha,20180607,Tommy Vu,20180422,10,ELM,F,1996,3,Urine,No
97,HHS97,Healthy Human Subjects,Alpha,20180607,Tommy Vu,20180422,10,EMD,F,1997,6,Urine,No
98,HHS98,Healthy Human Subjects,Alpha,20180607,Tommy Vu,20180422,10,GEM,F,1998,4,Urine,No
99,HHS99,Healthy Human Subjects,Alpha,20180607,Tommy Vu,20180422,10,ICB,F,1997,3,Urine,No
100,HHS100,Healthy Human Subjects,Alpha,20180607,Tommy Vu,20180422,10,JMK,F,1998,7,Urine,No
101,HHS101,Healthy Human Subjects,Alpha,20180607,Tommy Vu,20180422,10,JNG,F,1998,3,Urine,No
102,HHS102,Healthy Human Subjects,Alpha,20180607,Tommy Vu,20180422,10,KMR,F,1998,5,Urine,No
103,HHS103,Healthy Human Subjects,Alpha,20180609,Tommy Vu,20180422,10,MC,F,1995,11,Urine,No
104,HHS104,Healthy Human Subjects,Alpha,20180607,Tommy Vu,20180422,10,MRC,F,1996,9,Urine,No
105,HHS105,Healthy Human Subjects,Alpha,20180607,Tommy Vu,20180422,10,RLP,F,1995,8,Urine,No
106,HHS106,Healthy Human Subjects,Alpha,20180609,Tommy Vu,20180422,10,SR,F,1996,10,Urine,No
107,HHS107,Healthy Human Subjects,Alpha,20180607,Tommy Vu,20180422,10,THP,F,1998,9,Urine,No
108,HHS108,Healthy Human Subjects,Alpha,20180607,Tommy Vu,20180422,10,ZS,F,1996,2,Urine,No
109,HHS109,Healthy Human Subjects,Alpha,20180427,Kristin Merrifield,20180210,10,BKP,F,1996,4,Urine,Yes
110,HHS110,Healthy Human Subjects,Alpha,20180427,Kristin Merrifield,20180211,10,BKP,F,1996,4,Urine,Yes
111,HHS111,Healthy Human Subjects,Alpha,20180427,Kristin Merrifield,20180212,10,BKP,F,1996,4,Urine,Yes
112,HHS112,Healthy Human Subjects,Alpha,20180427,Kristin Merrifield,20180213,10,BKP,F,1996,4,Urine,Yes
113,HHS113,Healthy Human Subjects,Alpha,20180427,Kristin Merrifield,20180214,10,BKP,F,1996,4,Urine,Yes
114,HHS114,Healthy Human Subjects,Alpha,20180427,Kristin Merrifield,20180215,10,BKP,F,1996,4,Urine,Yes
115,HHS115,Healthy Human Subjects,Alpha,20180427,Kristin Merrifield,20180216,10,BKP,F,1996,4,Urine,Yes
116,HHS116,Healthy Human Subjects,Alpha,20180427,Kristin Merrifield,20180217,10,BKP,F,1996,4,Urine,Yes
117,HHS117,Healthy Human Subjects,Alpha,20180427,Kristin Merrifield,20180218,10,BKP,F,1996,4,Urine,Yes
118,HHS118,Healthy Human Subjects,Alpha,20180427,Kristin Merrifield,20180219,10,BKP,F,1996,4,Urine,Yes
119,HHS119,Healthy Human Subjects,Alpha,20180427,Kristin Merrifield,20180220,10,BKP,F,1996,4,Urine,Yes
120,HHS120,Healthy Human Subjects,Alpha,20180413,Kristin Merrifield,20180221,10,BKP,F,1996,4,Urine,Yes
121,HHS121,Healthy Human Subjects,Alpha,20180413,Kristin Merrifield,20180222,10,BKP,F,1996,4,Urine,Yes
122,HHS122,Healthy Human Subjects,Alpha,20180413,Kristin Merrifield,20180223,10,BKP,F,1996,4,Urine,Yes
123,HHS123,Healthy Human Subjects,Alpha,20180413,Kristin Merrifield,20180224,10,BKP,F,1996,4,Urine,Yes
124,HHS124,Healthy Human Subjects,Alpha,20180413,Kristin Merrifield,20180225,10,BKP,F,1996,4,Urine,Yes
125,HHS125,Healthy Human Subjects,Alpha,20180413,Kristin Merrifield,20180226,10,BKP,F,1996,4,Urine,Yes
126,HHS126,Healthy Human Subjects,Alpha,20180413,Kristin Merrifield,20180227,10,BKP,F,1996,4,Urine,Yes
127,HHS127,Healthy Human Subjects,Alpha,20180413,Kristin Merrifield,20180228,10,BKP,F,1996,4,Urine,Yes
128,HHS128,Healthy Human Subjects,Alpha,20180413,Kristin Merrifield,20180301,10,BKP,F,1996,4,Urine,Yes
129,HHS129,Healthy Human Subjects,Alpha,20180413,Kristin Merrifield,20180302,10,BKP,F,1996,4,Urine,Yes
130,HHS130,Healthy Human Subjects,Alpha,20180413,Kristin Merrifield,20180303,10,BKP,F,1996,4,Urine,Yes
131,HHS131,Healthy Human Subjects,Alpha,20180413,Kristin Merrifield,20180311,10,BKP,F,1996,4,Urine,Yes
132,HHS132,Healthy Human Subjects,Alpha,20180413,Kristin Merrifield,20180312,10,BKP,F,1996,4,Urine,Yes
133,HHS133,Healthy Human Subjects,Alpha,20180413,Kristin Merrifield,20180313,10,BKP,F,1996,4,Urine,Yes
134,HHS134,Healthy Human Subjects,Alpha,20180413,Kristin Merrifield,20180314,10,BKP,F,1996,4,Urine,Yes
135,HHS135,Healthy Human Subjects,Alpha,20180413,Kristin Merrifield,20180315,10,BKP,F,1996,4,Urine,Yes
136,HHS136,Healthy Human Subjects,Alpha,20180413,Kristin Merrifield,20180316,10,BKP,F,1996,4,Urine,Yes
137,HHS137,Healthy Human Subjects,Alpha,20180413,Kristin Merrifield,20180317,10,BKP,F,1996,4,Urine,Yes
138,HHS138,Healthy Human Subjects,Alpha,20180413,Kristin Merrifield,20180318,10,BKP,F,1996,4,Urine,Yes
139,HHS139,Healthy Human Subjects,Alpha,20180427,Kristin Merrifield,20180213,10,EHM,F,1996,3,Urine,Yes
140,HHS140,Healthy Human Subjects,Alpha,20180427,Kristin Merrifield,20180214,10,EHM,F,1996,3,Urine,Yes
141,HHS141,Healthy Human Subjects,Alpha,20180427,Kristin Merrifield,20180215,10,EHM,F,1996,3,Urine,Yes
142,HHS142,Healthy Human Subjects,Alpha,20180427,Kristin Merrifield,20180216,10,EHM,F,1996,3,Urine,Yes
143,HHS143,Healthy Human Subjects,Alpha,20180427,Kristin Merrifield,20180217,10,EHM,F,1996,3,Urine,Yes
144,HHS144,Healthy Human Subjects,Alpha,20180427,Kristin Merrifield,20180218,10,EHM,F,1996,3,Urine,Yes
145,HHS145,Healthy Human Subjects,Alpha,20180427,Kristin Merrifield,20180219,10,EHM,F,1996,3,Urine,Yes
146,HHS146,Healthy Human Subjects,Alpha,20180413,Kristin Merrifield,20180220,10,EHM,F,1996,3,Urine,Yes
147,HHS147,Healthy Human Subjects,Alpha,20180413,Kristin Merrifield,20180221,10,EHM,F,1996,3,Urine,Yes
148,HHS148,Healthy Human Subjects,Alpha,20180413,Kristin Merrifield,20180222,10,EHM,F,1996,3,Urine,Yes
149,HHS149,Healthy Human Subjects,Alpha,20180413,Kristin Merrifield,20180223,10,EHM,F,1996,3,Urine,Yes
150,HHS150,Healthy Human Subjects,Alpha,20180413,Kristin Merrifield,20180224,10,EHM,F,1996,3,Urine,Yes
151,HHS151,Healthy Human Subjects,Alpha,20180413,Kristin Merrifield,20180225,10,EHM,F,1996,3,Urine,Yes
152,HHS152,Healthy Human Subjects,Alpha,20180413,Kristin Merrifield,20180226,10,EHM,F,1996,3,Urine,Yes
153,HHS153,Healthy Human Subjects,Alpha,20180413,Kristin Merrifield,20180227,10,EHM,F,1996,3,Urine,Yes
154,HHS154,Healthy Human Subjects,Alpha,20180413,Kristin Merrifield,20180228,10,EHM,F,1996,3,Urine,Yes
155,HHS155,Healthy Human Subjects,Alpha,20180413,Kristin Merrifield,20180301,10,EHM,F,1996,3,Urine,Yes
156,HHS156,Healthy Human Subjects,Alpha,20180413,Kristin Merrifield,20180302,10,EHM,F,1996,3,Urine,Yes
157,HHS157,Healthy Human Subjects,Alpha,20180413,Kristin Merrifield,20180303,10,EHM,F,1996,3,Urine,Yes
158,HHS158,Healthy Human Subjects,Alpha,20180413,Kristin Merrifield,20180304,10,EHM,F,1996,3,Urine,Yes
159,HHS159,Healthy Human Subjects,Alpha,20180413,Kristin Merrifield,20180305,10,EHM,F,1996,3,Urine,Yes
160,HHS160,Healthy Human Subjects,Alpha,20180413,Kristin Merrifield,20180306,10,EHM,F,1996,3,Urine,Yes
161,HHS161,Healthy Human Subjects,Alpha,20180413,Kristin Merrifield,20180307,10,EHM,F,1996,3,Urine,Yes
162,HHS162,Healthy Human Subjects,Alpha,20180413,Kristin Merrifield,20180308,10,EHM,F,1996,3,Urine,Yes
163,HHS163,Healthy Human Subjects,Alpha,20180413,Kristin Merrifield,20180309,10,EHM,F,1996,3,Urine,Yes
164,HHS164,Healthy Human Subjects,Alpha,20180413,Kristin Merrifield,20180310,10,EHM,F,1996,3,Urine,Yes
165,HHS165,Healthy Human Subjects,Alpha,20180413,Kristin Merrifield,20180311,10,EHM,F,1996,3,Urine,Yes
166,HHS166,Healthy Human Subjects,Alpha,20180413,Kristin Merrifield,20180312,10,EHM,F,1996,3,Urine,Yes
167,HHS167,Healthy Human Subjects,Alpha,20180413,Kristin Merrifield,20180313,10,EHM,F,1996,3,Urine,Yes
168,HHS168,Healthy Human Subjects,Alpha,20180413,Kristin Merrifield,20180314,10,EHM,F,1996,3,Urine,Yes
169,HHS169,Healthy Human Subjects,Alpha,20180413,Kristin Merrifield,20180315,10,EHM,F,1996,3,Urine,Yes
170,HHS170,Healthy Human Subjects,Alpha,20180413,Kristin Merrifield,20180316,10,EHM,F,1996,3,Urine,Yes
171,HHS171,Healthy Human Subjects,Alpha,20180413,Kristin Merrifield,20180317,10,EHM,F,1996,3,Urine,Yes
172,HHS172,Healthy Human Subjects,Alpha,20180413,Kristin Merrifield,20180210,10,KEM,F,1995,12,Urine,Yes
173,HHS173,Healthy Human Subjects,Alpha,20180413,Kristin Merrifield,20180211,10,KEM,F,1995,12,Urine,Yes
174,HHS174,Healthy Human Subjects,Alpha,20180413,Kristin Merrifield,20180212,10,KEM,F,1995,12,Urine,Yes
175,HHS175,Healthy Human Subjects,Alpha,20180413,Kristin Merrifield,20180213,10,KEM,F,1995,12,Urine,Yes
176,HHS176,Healthy Human Subjects,Alpha,20180413,Kristin Merrifield,20180214,10,KEM,F,1995,12,Urine,Yes
177,HHS177,Healthy Human Subjects,Alpha,20180413,Kristin Merrifield,20180215,10,KEM,F,1995,12,Urine,Yes
178,HHS178,Healthy Human Subjects,Alpha,20180413,Kristin Merrifield,20180216,10,KEM,F,1995,12,Urine,Yes
179,HHS179,Healthy Human Subjects,Alpha,20180413,Kristin Merrifield,20180217,10,KEM,F,1995,12,Urine,Yes
180,HHS180,Healthy Human Subjects,Alpha,20180413,Kristin Merrifield,20180218,10,KEM,F,1995,12,Urine,Yes
181,HHS181,Healthy Human Subjects,Alpha,20180413,Kristin Merrifield,20180219,10,KEM,F,1995,12,Urine,Yes
182,HHS182,Healthy Human Subjects,Alpha,20180413,Kristin Merrifield,20180220,10,KEM,F,1995,12,Urine,Yes
183,HHS183,Healthy Human Subjects,Alpha,20180413,Kristin Merrifield,20180221,10,KEM,F,1995,12,Urine,Yes
184,HHS184,Healthy Human Subjects,Alpha,20180413,Kristin Merrifield,20180222,10,KEM,F,1995,12,Urine,Yes
185,HHS185,Healthy Human Subjects,Alpha,20180413,Kristin Merrifield,20180223,10,KEM,F,1995,12,Urine,Yes
186,HHS186,Healthy Human Subjects,Alpha,20180413,Kristin Merrifield,20180224,10,KEM,F,1995,12,Urine,Yes
187,HHS187,Healthy Human Subjects,Alpha,20180413,Kristin Merrifield,20180225,10,KEM,F,1995,12,Urine,Yes
188,HHS188,Healthy Human Subjects,Alpha,20180413,Kristin Merrifield,20180226,10,KEM,F,1995,12,Urine,Yes
189,HHS189,Healthy Human Subjects,Alpha,20180413,Kristin Merrifield,20180227,10,KEM,F,1995,12,Urine,Yes
190,HHS190,Healthy Human Subjects,Alpha,20180413,Kristin Merrifield,20180228,10,KEM,F,1995,12,Urine,Yes
191,HHS191,Healthy Human Subjects,Alpha,20180413,Kristin Merrifield,20180301,10,KEM,F,1995,12,Urine,Yes
192,HHS192,Healthy Human Subjects,Alpha,20180413,Kristin Merrifield,20180302,10,KEM,F,1995,12,Urine,Yes
193,HHS193,Healthy Human Subjects,Alpha,20180413,Kristin Merrifield,20180303,10,KEM,F,1995,12,Urine,Yes
194,HHS194,Healthy Human Subjects,Alpha,20180413,Kristin Merrifield,20180304,10,KEM,F,1995,12,Urine,Yes
195,HHS195,Healthy Human Subjects,Alpha,20180413,Kristin Merrifield,20180305,10,KEM,F,1995,12,Urine,Yes
196,HHS196,Healthy Human Subjects,Alpha,20180413,Kristin Merrifield,20180306,10,KEM,F,1995,12,Urine,Yes
197,HHS197,Healthy Human Subjects,Alpha,20180413,Kristin Merrifield,20180307,10,KEM,F,1995,12,Urine,Yes
198,HHS198,Healthy Human Subjects,Alpha,20180413,Kristin Merrifield,20180308,10,KEM,F,1995,12,Urine,Yes
199,HHS199,Healthy Human Subjects,Alpha,20180413,Kristin Merrifield,20180309,10,KEM,F,1995,12,Urine,Yes
200,HHS200,Healthy Human Subjects,Alpha,20180413,Kristin Merrifield,20180310,10,KEM,F,1995,12,Urine,Yes
201,HHS201,Healthy Human Subjects,Alpha,20180413,Kristin Merrifield,20180311,10,KEM,F,1995,12,Urine,Yes
202,HHS202,Healthy Human Subjects,Alpha,20180705,Ben Agnor,20180630,10,JR,M,1947,11,Urine,No
203,HHS203,Healthy Human Subjects,Alpha,20180705,Ben Agnor,20180630,10,JR,M,1947,11,Urine,No
204,HHS204,Healthy Human Subjects,Alpha,20180705,Ben Agnor,20170702,10,JR,M,1947,11,Urine,No
205,HHS205,Healthy Human Subjects,Alpha,20180713,Ben Agnor,20180713,10,JR,M,1947,11,Urine,No
206,HHS206,Healthy Human Subjects,Alpha,20181026,Ben Agnor,20180622,10,BKA,M,1997,12,Urine,Yes
207,HHS207,Healthy Human Subjects,Alpha,20181026,Ben Agnor,20180623,10,BKA,M,1997,12,Urine,Yes
208,HHS208,Healthy Human Subjects,Alpha,20181026,Ben Agnor,20180624,10,BKA,M,1997,12,Urine,Yes
209,HHS209,Healthy Human Subjects,Alpha,20181026,Ben Agnor,20180625,10,BKA,M,1997,12,Urine,Yes
210,HHS210,Healthy Human Subjects,Alpha,20181026,Ben Agnor,20180626,10,BKA,M,1997,12,Urine,Yes
211,HHS211,Healthy Human Subjects,Alpha,20181026,Ben Agnor,20180627,10,BKA,M,1997,12,Urine,Yes
212,HHS212,Healthy Human Subjects,Alpha,20181026,Ben Agnor,20180628,10,BKA,M,1997,12,Urine,Yes
213,HHS213,Healthy Human Subjects,Alpha,20181026,Ben Agnor,20180629,10,BKA,M,1997,12,Urine,Yes
214,HHS214,Healthy Human Subjects,Alpha,20181026,Ben Agnor,20180630,10,BKA,M,1997,12,Urine,Yes
215,HHS215,Healthy Human Subjects,Alpha,20181026,Ben Agnor,20180701,10,BKA,M,1997,12,Urine,Yes
216,HHS216,Healthy Human Subjects,Alpha,20181026,Ben Agnor,20180702,10,BKA,M,1997,12,Urine,Yes
217,HHS217,Healthy Human Subjects,Alpha,20181026,Ben Agnor,20180703,10,BKA,M,1997,12,Urine,Yes
218,HHS218,Healthy Human Subjects,Alpha,20181026,Ben Agnor,20180704,10,BKA,M,1997,12,Urine,Yes
219,HHS219,Healthy Human Subjects,Alpha,20181026,Ben Agnor,20180705,10,BKA,M,1997,12,Urine,Yes
220,HHS220,Healthy Human Subjects,Alpha,20181026,Ben Agnor,20180706,10,BKA,M,1997,12,Urine,Yes
221,HHS221,Healthy Human Subjects,Alpha,20181026,Ben Agnor,20180707,10,BKA,M,1997,12,Urine,Yes
222,HHS222,Healthy Human Subjects,Alpha,20181026,Ben Agnor,20180708,10,BKA,M,1997,12,Urine,Yes
223,HHS223,Healthy Human Subjects,Alpha,20181026,Ben Agnor,20180709,10,BKA,M,1997,12,Urine,Yes
224,HHS224,Healthy Human Subjects,Alpha,20181026,Ben Agnor,20180710,10,BKA,M,1997,12,Urine,Yes
225,HHS225,Healthy Human Subjects,Alpha,20181026,Ben Agnor,20180711,10,BKA,M,1997,12,Urine,Yes
226,HHS226,Healthy Human Subjects,Alpha,20181026,Ben Agnor,20180712,10,BKA,M,1997,12,Urine,Yes
227,HHS227,Healthy Human Subjects,Alpha,20181026,Ben Agnor,20180713,10,BKA,M,1997,12,Urine,Yes
228,HHS228,Healthy Human Subjects,Alpha,20181026,Ben Agnor,20180714,10,BKA,M,1997,12,Urine,Yes
229,HHS229,Healthy Human Subjects,Alpha,20181026,Ben Agnor,20180715,10,BKA,M,1997,12,Urine,Yes
230,HHS230,Healthy Human Subjects,Alpha,20181026,Ben Agnor,20180716,10,BKA,M,1997,12,Urine,Yes
231,HHS231,Healthy Human Subjects,Alpha,20181026,Ben Agnor,20180717,10,BKA,M,1997,12,Urine,Yes
232,HHS232,Healthy Human Subjects,Alpha,20181026,Ben Agnor,20180718,10,BKA,M,1997,12,Urine,Yes
233,HHS233,Healthy Human Subjects,Alpha,20181026,Ben Agnor,20180719,10,BKA,M,1997,12,Urine,Yes
234,HHS234,Healthy Human Subjects,Alpha,20181026,Ben Agnor,20180720,10,BKA,M,1997,12,Urine,Yes
235,HHS235,Healthy Human Subjects,Alpha,20181026,Ben Agnor,20180721,10,BKA,M,1997,12,Urine,Yes
236,SUR32,Surine,Alpha,20171018,Raman Team,20171018,10,Surine,Surine,Surine,Surine,Surine,Surine